<?xml version="1.0" encoding="UTF-8" standalone="yes"?>
<data xmlns:xsi="http://www.w3.org/2001/XMLSchema-instance">
	<modification>2021-01-07</modification>
	<version>2.0.0</version>
	<TaxExemptions>
		<TaxExemption>
			<TaxExemptionCode>M00</TaxExemptionCode>
			<TaxExemptionReason>IVA &#x2013; Regime Simplificado</TaxExemptionReason>
			<Law>Lei n.º 42/20</Law>
			<Description>Foi utilizado até 31-12-2020 como IVA - Regime transitório</Description>
		</TaxExemption>
	</TaxExemptions>
	<TaxExemptions>
		<TaxExemption>
			<TaxExemptionCode>M02</TaxExemptionCode>
			<TaxExemptionReason>Transmissão de bens e serviços não sujeita</TaxExemptionReason>
		</TaxExemption>
	</TaxExemptions>
	<TaxExemptions>
		<TaxExemption>
			<TaxExemptionCode>M04</TaxExemptionCode>
			<TaxExemptionReason>IVA &#x2013; Regime de Exclusão</TaxExemptionReason>
			<Law>Lei n.º 42/20</Law>
			<Description>Foi utilizado até 31-12-2020 como IVA - Regime de não sujeição</Description>
		</TaxExemption>
	</TaxExemptions>
	<TaxExemptions>
		<TaxExemption>
			<TaxExemptionCode>M10</TaxExemptionCode>
			<TaxExemptionReason>Isento nos termos da alínea a) do nº1 do artigo 12.º do CIVA</TaxExemptionReason>
			<Law>Artigo 12.º do CIVA</Law>
			<Description>A transmissão dos bens alimentares, conforme anexo I do presente código.</Description>
		</TaxExemption>
	</TaxExemptions>
	<TaxExemptions>
		<TaxExemption>
			<TaxExemptionCode>M11</TaxExemptionCode>
			<TaxExemptionReason>Isento nos termos da alínea b) do nº1 do artigo 12.º do CIVA</TaxExemptionReason>
			<Law>Artigo 12.º do CIVA</Law>
			<Description>As transmissões de medicamentos destinados exclusivamente a fins terapêuticos e profilácticos.</Description>
		</TaxExemption>
	</TaxExemptions>
	<TaxExemptions>
		<TaxExemption>
			<TaxExemptionCode>M12</TaxExemptionCode>
			<TaxExemptionReason>Isento nos termos da alínea c) do nº1 do artigo 12.º do CIVA</TaxExemptionReason>
			<Law>Artigo 12.º do CIVA</Law>
			<Description>As transmissões de cadeiras de rodas e veículos semelhantes, accionados manualmente ou por motor, para portadores de deficiência, aparelhos, máquinas de escrever com caracteres braille, impressoras para caracteres braille e os artefactos que se destinam a ser utilizados por invisuais ou a corrigir a audição</Description>
		</TaxExemption>
	</TaxExemptions>
	<TaxExemptions>
		<TaxExemption>
			<TaxExemptionCode>M13</TaxExemptionCode>
			<TaxExemptionReason>Isento nos termos da alínea d) do nº1 do artigo 12.º do CIVA</TaxExemptionReason>
			<Law>Artigo 12.º do CIVA</Law>
			<Description>A transmissão de livros, incluindo em formato digital</Description>
		</TaxExemption>
	</TaxExemptions>
	<TaxExemptions>
		<TaxExemption>
			<TaxExemptionCode>M14</TaxExemptionCode>
			<TaxExemptionReason>Isento nos termos da alínea e) do nº1 do artigo 12.º do CIVA</TaxExemptionReason>
			<Law>Artigo 12.º do CIVA</Law>
			<Description>A locação de bens imóveis destinados a fins habitacionais, designadamente prédios urbanos, fracções autónomas destes ou terrenos para construção, com excepção das prestações de serviços de alojamento efectuadas no âmbito da actividade hoteleira ou de outras com funções análogas</Description>
		</TaxExemption>
	</TaxExemptions>
	<TaxExemptions>
		<TaxExemption>
			<TaxExemptionCode>M15</TaxExemptionCode>
			<TaxExemptionReason>Isento nos termos da alínea f) do nº1 do artigo 12.º do CIVA</TaxExemptionReason>
			<Law>Artigo 12.º do CIVA</Law>
			<Description>As operações sujeitas ao imposto de SISA, ainda que dele isentas</Description>
		</TaxExemption>
	</TaxExemptions>
	<TaxExemptions>
		<TaxExemption>
			<TaxExemptionCode>M16</TaxExemptionCode>
			<TaxExemptionReason>Isento nos termos da alínea g) do nº1 do artigo 12.º do CIVA</TaxExemptionReason>
			<Law>Artigo 12.º do CIVA</Law>
			<Description>A exploração e a prática de jogos de fortuna ou azar e de diversão social, bem como as respectivas comissões e todas as operações relacionadas, quando as mesmas estejam sujeitas a Imposto Especial sobre o Jogos, nos termos da legislação aplicável</Description>
		</TaxExemption>
	</TaxExemptions>
	<TaxExemptions>
		<TaxExemption>
			<TaxExemptionCode>M17</TaxExemptionCode>
			<TaxExemptionReason>Isento nos termos da alínea h) do nº1 do artigo 12.º do CIVA</TaxExemptionReason>
			<Law>Artigo 12.º do CIVA</Law>
			<Description>O transporte colectivo de passageiros</Description>
		</TaxExemption>
	</TaxExemptions>
	<TaxExemptions>
		<TaxExemption>
			<TaxExemptionCode>M18</TaxExemptionCode>
			<TaxExemptionReason>Isento nos termos da alínea i) do nº1 artigo 12.º do CIVA</TaxExemptionReason>
			<Law>Artigo 12.º do CIVA</Law>
			<Description>As operações de intermediação financeira, incluindo a locação financeira, exceptuando-se aquelas em que uma taxa, ou contraprestação, especifica e predeterminada é cobrada pelo serviço.</Description>
		</TaxExemption>
	</TaxExemptions>
	<TaxExemptions>
		<TaxExemption>
			<TaxExemptionCode>M19</TaxExemptionCode>
			<TaxExemptionReason>Isento nos termos da alínea j) do nº1 do artigo 12.º do CIVA</TaxExemptionReason>
			<Law>Artigo 12.º do CIVA</Law>
			<Description>O seguro de saúde, bem como a prestação de seguros e resseguros do ramo vida;</Description>
		</TaxExemption>
	</TaxExemptions>
	<TaxExemptions>
		<TaxExemption>
			<TaxExemptionCode>M20</TaxExemptionCode>
			<TaxExemptionReason>Isento nos termos da alínea k) do nº1 do artigo 12.º do CIVA</TaxExemptionReason>
			<Law>Artigo 12.º do CIVA</Law>
			<Description>As transmissões de produtos petrolíferos conforme anexo II do presente código.</Description>
		</TaxExemption>
	</TaxExemptions>
	<TaxExemptions>
		<TaxExemption>
			<TaxExemptionCode>M21</TaxExemptionCode>
			<TaxExemptionReason>Isento nos termos da alínea l) do nº1 do artigo 12.º do CIVA</TaxExemptionReason>
			<Law>Artigo 12.º do CIVA</Law>
			<Description>As prestações de serviço que tenham por objecto o ensino, efectuadas por estabelecimentos integrados conforme definidos na Lei de Bases do Sistema de Educação e Ensino, bem como por estabelecimentos de Ensino Superior devidamente reconhecidos pelo Ministério de Tutela.</Description>
		</TaxExemption>
	</TaxExemptions>
	<TaxExemptions>
		<TaxExemption>
			<TaxExemptionCode>M22</TaxExemptionCode>
			<TaxExemptionReason>Isento nos termos da alínea m) do artigo 12.º do CIVA</TaxExemptionReason>
			<Law>Artigo 12.º do CIVA</Law>
			<Description>As prestações de serviço médico sanitário, efectuadas por estabelecimentos hospitalares, clinicas, dispensários e similares</Description>
		</TaxExemption>
	</TaxExemptions>
	<TaxExemptions>
		<TaxExemption>
			<TaxExemptionCode>M23</TaxExemptionCode>
			<TaxExemptionReason>Isento nos termos da alínea n) do artigo 12.º do CIVA</TaxExemptionReason>
			<Law>Artigo 12.º do CIVA</Law>
			<Description>O transporte de doentes ou feridos em ambulâncias ou outros veículos apropriados efectuados por organismos devidamente autorizados</Description>
		</TaxExemption>
	</TaxExemptions>
	<TaxExemptions>
		<TaxExemption>
			<TaxExemptionCode>M24</TaxExemptionCode>
			<TaxExemptionReason>Isento nos termos da alínea o) do artigo 12.º do CIVA</TaxExemptionReason>
			<Law>Artigo 12.º do CIVA</Law>
			<Description>Os equipamentos médicos para o exercício da actividade dos estabelecimentos de saúde.</Description>
		</TaxExemption>
	</TaxExemptions>
	<TaxExemptions>
		<TaxExemption>
			<TaxExemptionCode>M80</TaxExemptionCode>
			<TaxExemptionReason>Isento nos termos da alinea a) do nº1 do artigo 14.º</TaxExemptionReason>
			<Law>Artigo 14.º do CIVA</Law>
			<Description>As importações definitivas de bens cuja transmissão no território nacional seja isenta de imposto;</Description>
		</TaxExemption>
	</TaxExemptions>
	<TaxExemptions>
		<TaxExemption>
			<TaxExemptionCode>M81</TaxExemptionCode>
			<TaxExemptionReason>Isento nos termos da alinea b) do nº1 do artigo 14.º</TaxExemptionReason>
			<Law>Artigo 14.º do CIVA</Law>
			<Description>As importações de ouro, moedas ou notas de banco, efectuadas pelo Banco Nacional de Angola</Description>
		</TaxExemption>
	</TaxExemptions>
	<TaxExemptions>
		<TaxExemption>
			<TaxExemptionCode>M82</TaxExemptionCode>
			<TaxExemptionReason>Isento nos termos da alinea c) do nº1 do artigo 14.º</TaxExemptionReason>
			<Law>Artigo 14.º do CIVA</Law>
			<Description>A importação de bens destinados a ofertas para atenuar os efeitos das calamidades naturais, tais como cheias, tempestades, secas, ciclones, sismos, terramotos e outros de idêntica natureza, desde que devidamente autorizado pelo Titular do Poder Executivo</Description>
		</TaxExemption>
	</TaxExemptions>
	<TaxExemptions>
		<TaxExemption>
			<TaxExemptionCode>M83</TaxExemptionCode>
			<TaxExemptionReason>Isento nos termos da alinea d) do nº1 do artigo 14.º</TaxExemptionReason>
			<Law>Artigo 14.º do CIVA</Law>
			<Description>A importação de mercadorias ou equipamentos destinadas exclusiva e directamente à execução das operações petrolíferas e mineiras nos termos da Lei que estabelece o Regime Aduaneiro do Sector Petrolífero e do Código Mineiro, respectivamente.</Description>
		</TaxExemption>
	</TaxExemptions>
	<TaxExemptions>
		<TaxExemption>
			<TaxExemptionCode>M84</TaxExemptionCode>
			<TaxExemptionReason>Isento nos termos da alínea e) do nº1 do artigo 14.º</TaxExemptionReason>
			<Law>Artigo 14.º do CIVA</Law>
			<Description>Importação de moeda estrangeira efectuada pelas instituições financeiras bancárias, nos termos definidos pelo Banco Nacional de Angola.</Description>
		</TaxExemption>
	</TaxExemptions>
	<TaxExemptions>
		<TaxExemption>
			<TaxExemptionCode>M85</TaxExemptionCode>
			<TaxExemptionReason>Isento nos termos da alinea a) do nº2 do artigo 14.º</TaxExemptionReason>
			<Law>Artigo 14.º do CIVA</Law>
			<Description>No âmbito de tratados e acordos internacionais de que a República de Angola seja parte, nos termos previstos nesses tratados e acordos;</Description>
		</TaxExemption>
	</TaxExemptions>
	<TaxExemptions>
		<TaxExemption>
			<TaxExemptionCode>M86</TaxExemptionCode>
			<TaxExemptionReason>Isento nos termos da alinea b) do nº2 do artigo 14.º</TaxExemptionReason>
			<Law>Artigo 14.º do CIVA</Law>
			<Description>No âmbito de relações diplomáticas e consulares, quando a isenção resulte de tratados e acordos internacionais celebrados pela República de Angola</Description>
		</TaxExemption>
	</TaxExemptions>
	<TaxExemptions>
		<TaxExemption>
			<TaxExemptionCode>M30</TaxExemptionCode>
			<TaxExemptionReason>Isento nos termos da alínea a) do artigo 15.º do CIVA</TaxExemptionReason>
			<Law>Artigo 15.º do CIVA</Law>
			<Description>As transmissões de bens expedidos ou transportados com destino ao estrangeiro pelo vendedor ou por um terceiro por conta deste</Description>
		</TaxExemption>
	</TaxExemptions>
	<TaxExemptions>
		<TaxExemption>
			<TaxExemptionCode>M31</TaxExemptionCode>
			<TaxExemptionReason>Isento nos termos da alínea b) do artigo 15.º do CIVA</TaxExemptionReason>
			<Law>Artigo 15.º do CIVA</Law>
			<Description>As transmissões de bens de abastecimento postos a bordo das embarcações que efectuem navegação marítima em alto mar e que assegurem o transporte remunerado de passageiros ou o exercício de uma actividade comercial, industrial ou de pesca;</Description>
		</TaxExemption>
	</TaxExemptions>
	<TaxExemptions>
		<TaxExemption>
			<TaxExemptionCode>M32</TaxExemptionCode>
			<TaxExemptionReason>Isento nos termos da alínea c) do artigo 15.º do CIVA</TaxExemptionReason>
			<Law>Artigo 15.º do CIVA</Law>
			<Description>As transmissões de bens de abastecimento postos a bordo das aeronaves utilizadas por companhias de navegação aérea que se dediquem principalmente ao tráfego internacional e que assegurem o transporte remunerado de passageiros, ou o exercício de uma actividade comercial ou industrial</Description>
		</TaxExemption>
	</TaxExemptions>
	<TaxExemptions>
		<TaxExemption>
			<TaxExemptionCode>M33</TaxExemptionCode>
			<TaxExemptionReason>Isento nos termos da alínea d) do artigo 15.º do CIVA</TaxExemptionReason>
			<Law>Artigo 15.º do CIVA</Law>
			<Description>As transmissões de bens de abastecimento postos a bordo das embarcações de salvamento, assistência marítima, pesca costeira e embarcações de guerra, quando deixem o país com destino a um porto ou ancoradouro situado no estrangeiro</Description>
		</TaxExemption>
	</TaxExemptions>
	<TaxExemptions>
		<TaxExemption>
			<TaxExemptionCode>M34</TaxExemptionCode>
			<TaxExemptionReason>Isento nos termos da alínea e) do artigo 15.º do CIVA</TaxExemptionReason>
			<Law>Artigo 15.º do CIVA</Law>
			<Description>As transmissões, transformações, reparações, manutenção, frete e aluguer, incluindo a locação financeira, de embarcações e aeronaves afectas às companhias de navegação aérea e marítima que se dediquem principalmente ao tráfego internacional, assim como as transmissões de bens de abastecimento postos a bordo das mesmas e as prestações de serviços efectuadas com vista à satisfação das suas necessidades directas e da respectiva carga;</Description>
		</TaxExemption>
	</TaxExemptions>
	<TaxExemptions>
		<TaxExemption>
			<TaxExemptionCode>M35</TaxExemptionCode>
			<TaxExemptionReason>Isento nos termos da alínea f) do artigo 15.º do CIVA</TaxExemptionReason>
			<Law>Artigo 15.º do CIVA</Law>
			<Description>As transmissões de bens efectuadas no âmbito de relações diplomáticas e consulares cuja isenção resulte de acordos e convénios internacionais celebrados por Angola;</Description>
		</TaxExemption>
	</TaxExemptions>
	<TaxExemptions>
		<TaxExemption>
			<TaxExemptionCode>M36</TaxExemptionCode>
			<TaxExemptionReason>Isento nos termos da alínea g) do artigo 15.º do CIVA</TaxExemptionReason>
			<Law>Artigo 15.º do CIVA</Law>
			<Description>As transmissões de bens destinados a organismos internacionais reconhecidos por Angola ou a membros dos mesmos organismos, nos limites e com as condições fixadas em acordos e convénios internacionais celebrados por Angola</Description>
		</TaxExemption>
	</TaxExemptions>
	<TaxExemptions>
		<TaxExemption>
			<TaxExemptionCode>M37</TaxExemptionCode>
			<TaxExemptionReason>Isento nos termos da alínea h) do artigo 15.º do CIVA</TaxExemptionReason>
			<Law>Artigo 15.º do CIVA</Law>
			<Description>As transmissões de bens efectuadas no âmbito de tratados e acordos internacionais de que a República de Angola seja parte, quando a isenção resulte desses mesmos tratados e acordos</Description>
		</TaxExemption>
	</TaxExemptions>
	<TaxExemptions>
		<TaxExemption>
			<TaxExemptionCode>M38</TaxExemptionCode>
			<TaxExemptionReason>Isento nos termos da alínea i) do artigo 15.º do CIVA</TaxExemptionReason>
			<Law>Artigo 15.º do CIVA</Law>
			<Description>O transporte de pessoas provenientes ou com destino ao estrangeiro.</Description>
		</TaxExemption>
	</TaxExemptions>
	<TaxExemptions>
		<TaxExemption>
			<TaxExemptionCode>M90</TaxExemptionCode>
			<TaxExemptionReason>Isento nos termos da alinea a) do nº1 do artigo 16.º</TaxExemptionReason>
			<Law>Artigo 16º do CIVA</Law>
			<Description>As importações de bens que, sob controlo aduaneiro e de acordo com as disposições aduaneiras especificamente aplicáveis, sejam postas nos regimes de zona franca, que sejam introduzidos em armazéns de regimes aduaneiros ou lojas francas, enquanto permanecerem sob tais regimes;</Description>
		</TaxExemption>
	</TaxExemptions>
	<TaxExemptions>
		<TaxExemption>
			<TaxExemptionCode>M91</TaxExemptionCode>
			<TaxExemptionReason>Isento nos termos da alinea b) do nº1 do artigo 16.º</TaxExemptionReason>
			<Law>Artigo 16º do CIVA</Law>
			<Description>As transmissões de bens que sejam expedidos ou transportados para as zonas ou depósitos mencionados na alínea anterior, bem como as prestações de serviços directamente conexas com tais transmissões;</Description>
		</TaxExemption>
	</TaxExemptions>
	<TaxExemptions>
		<TaxExemption>
			<TaxExemptionCode>M92</TaxExemptionCode>
			<TaxExemptionReason>Isento nos termos da alinea c) do nº1 do artigo 16.º</TaxExemptionReason>
			<Law>Artigo 16º do CIVA</Law>
			<Description>As transmissões de bens que se efectuem nos regimes a que se refere a alínea a), assim como as prestações de serviços directamente conexas com tais transmissões, enquanto os bens permanecerem naquelas situações</Description>
		</TaxExemption>
	</TaxExemptions>
	<TaxExemptions>
		<TaxExemption>
			<TaxExemptionCode>M93</TaxExemptionCode>
			<TaxExemptionReason>Isento nos termos da alinea d) do nº1 do artigo 16.º</TaxExemptionReason>
			<Law>Artigo 16º do CIVA</Law>
			<Description>As transmissões de bens que se encontrem nos regimes de trânsito, draubaque ou importação temporária e as prestações de serviços directamente conexas com tais operações, enquanto os mesmos forem considerados abrangidos por aqueles regimes</Description>
		</TaxExemption>
	</TaxExemptions>
	<TaxExemptions>
		<TaxExemption>
			<TaxExemptionCode>M94</TaxExemptionCode>
			<TaxExemptionReason>Isento nos termos da alinea e) do nº1 do artigo 16.º</TaxExemptionReason>
			<Law>Artigo 16º do CIVA</Law>
			<Description>A reimportação de bens por quem os exportou, no mesmo estado em que foram exportados, quando beneficiem de isenção de direitos aduaneiros</Description>
		</TaxExemption>
	</TaxExemptions>
</data>